<?xml version="1.0" encoding="UTF-8"?>
<ApexPage xmlns="http://soap.sforce.com/2006/04/metadata">
    <apiVersion>29.0</apiVersion>
    <availableInTouch>true</availableInTouch>
    <confirmationTokenRequired>false</confirmationTokenRequired>
    <description>Allows user to select ClassAttendance list items and apply the status update to them in a list</description>
    <label>ClassAttendanceStatusUpdate</label>
    <packageVersions>
        <majorNumber>1</majorNumber>
        <minorNumber>826</minorNumber>
        <namespace>SDOC</namespace>
    </packageVersions>
</ApexPage>
