<?xml version="1.0" encoding="UTF-8"?>
<ApexPage xmlns="http://soap.sforce.com/2006/04/metadata">
    <apiVersion>30.0</apiVersion>
    <availableInTouch>true</availableInTouch>
    <confirmationTokenRequired>false</confirmationTokenRequired>
    <description>Page to allow Community users to edit their own details</description>
    <label>My Details</label>
    <packageVersions>
        <majorNumber>1</majorNumber>
        <minorNumber>826</minorNumber>
        <namespace>SDOC</namespace>
    </packageVersions>
</ApexPage>
