<?xml version="1.0" encoding="UTF-8"?>
<EmailTemplate xmlns="http://soap.sforce.com/2006/04/metadata">
    <available>true</available>
    <description>Email template sent with alert re expiring concession card.  Initiatd by Workflow and merged with Concession Card fields and related data</description>
    <encodingKey>ISO-8859-1</encodingKey>
    <name>Concession Card Expiry</name>
    <style>none</style>
    <subject>Your Exercise and Therapy Pilates Concession Card is about to expire</subject>
    <type>custom</type>
    <uiType>Aloha</uiType>
</EmailTemplate>
